{"episode_rewards": [776.3309764309349, 784.5153846153429, 863.2999999999802, 796.2235294117222, 738.4113268608031, 777.2462783171123, 824.7999999999703, 764.4390070921621, 780.0980198019465, 796.7749999999625, 756.796551724104, 916.6999999999873, 262.4719424460388, 762.0451104100579, 796.2099630995956], "mean": 759.7575393473146, "std": 139.76244176475433}