{"episode_rewards": [769.8999999999663, 904.8999999999859, 792.7825622775437, 910.699999999984, 789.7305084745386, 761.8377162629429, 756.1043795620031, 783.6133550488163, 874.799999999976, 774.0100323624215, 765.8863945577909, 886.8999999999824, 898.7999999999859, 782.8351535835758, 750.2105590061723], "mean": 813.5340440757122, "std": 59.29988366220861}