{"episode_rewards": [733.4443037974354, 761.2899613899182, 910.4999999999844, 760.555737704882, 915.4999999999883, 782.2321554769908, 752.730188679202, 922.7999999999843, 780.730670926481, 604.8645390070567, 789.8665551839031, 298.2922829581634, 743.7943894389105, 897.1999999999782, 592.8936305732054], "mean": 749.7796276757391, "std": 154.616858970471}